<?xml version="1.0"?>
<!--
/**
 * @author 18th DigiTech Team
 * @copyright Copyright (c) 2020 18th DigiTech (https://www.18thdigitech.com)
 * @package Eighteentech_Givex
 */
-->
<config xmlns:xsi="http://www.w3.org/2001/XMLSchema-instance" xsi:noNamespaceSchemaLocation="urn:magento:module:Magento_Cron:etc/crontab.xsd">
     <group id="givex_fulfilment_group">
          <job instance="Eighteentech\Givex\Cron\GivexFulfilment" method="execute" name="givex_fulfilment">               
               <config_path>givexconfig/cronjobconfig/importfulfilmentjobs</config_path>
          </job>
     </group>    
     <group id="givex_clear_logs">
          <job instance="Eighteentech\Givex\Cron\ClearLogs" method="execute" name="givex_logs_clear">               
               <config_path>givexconfig/cronjobconfig/cleanfulfilmentlogs</config_path>
          </job>
     </group>
</config>
